Success,Timestamp,Date,Base,CurrencyName,Currency
TRUE,1629676799,22-08-2021,EUR,AED,4.295569
TRUE,1629676799,22-08-2021,EUR,AFN,100.603517
TRUE,1629676799,22-08-2021,EUR,ALL,121.810042
TRUE,1629676799,22-08-2021,EUR,AMD,574.065944
TRUE,1629676799,22-08-2021,EUR,ANG,2.096357
TRUE,1629676799,22-08-2021,EUR,AOA,744.404939
TRUE,1629676799,22-08-2021,EUR,ARS,113.635029
TRUE,1629676799,22-08-2021,EUR,AUD,1.638475
TRUE,1629676799,22-08-2021,EUR,AWG,2.1057
TRUE,1629676799,22-08-2021,EUR,AZN,1.98889
TRUE,1629676799,22-08-2021,EUR,BAM,1.95551
TRUE,1629676799,22-08-2021,EUR,BBD,2.358014
TRUE,1629676799,22-08-2021,EUR,BDT,99.385616
TRUE,1629676799,22-08-2021,EUR,BGN,1.959132
TRUE,1629676799,22-08-2021,EUR,BHD,0.440328
TRUE,1629676799,22-08-2021,EUR,BIF,2317.070366
TRUE,1629676799,22-08-2021,EUR,BMD,1.169508
TRUE,1629676799,22-08-2021,EUR,BND,1.591539
TRUE,1629676799,22-08-2021,EUR,BOB,8.075777
TRUE,1629676799,22-08-2021,EUR,BRL,6.292536
TRUE,1629676799,22-08-2021,EUR,BSD,1.167909
TRUE,1629676799,22-08-2021,EUR,BTC,2.37E-05
TRUE,1629676799,22-08-2021,EUR,BTN,86.845671
TRUE,1629676799,22-08-2021,EUR,BWP,13.241331
TRUE,1629676799,22-08-2021,EUR,BYR,22922.36435
TRUE,1629676799,22-08-2021,EUR,BYN,2.937519
TRUE,1629676799,22-08-2021,EUR,BZD,2.354114
TRUE,1629676799,22-08-2021,EUR,CAD,1.500152
TRUE,1629676799,22-08-2021,EUR,CDF,2341.355829
TRUE,1629676799,22-08-2021,EUR,CHF,1.073024
TRUE,1629676799,22-08-2021,EUR,CLF,0.033341
TRUE,1629676799,22-08-2021,EUR,CLP,919.970652
TRUE,1629676799,22-08-2021,EUR,CNY,7.603558
TRUE,1629676799,22-08-2021,EUR,COP,4528.336467
TRUE,1629676799,22-08-2021,EUR,CRC,724.711262
TRUE,1629676799,22-08-2021,EUR,CUC,1.169508
TRUE,1629676799,22-08-2021,EUR,CUP,30.991972
TRUE,1629676799,22-08-2021,EUR,CVE,110.246937
TRUE,1629676799,22-08-2021,EUR,CZK,25.550598
TRUE,1629676799,22-08-2021,EUR,DJF,207.905936
TRUE,1629676799,22-08-2021,EUR,DKK,7.436495
TRUE,1629676799,22-08-2021,EUR,DOP,66.627084
TRUE,1629676799,22-08-2021,EUR,DZD,158.386078
TRUE,1629676799,22-08-2021,EUR,EGP,18.363971
TRUE,1629676799,22-08-2021,EUR,ERN,17.548255
TRUE,1629676799,22-08-2021,EUR,ETB,53.123096
TRUE,1629676799,22-08-2021,EUR,EUR,1
TRUE,1629676799,22-08-2021,EUR,FJD,2.480469
TRUE,1629676799,22-08-2021,EUR,FKP,0.84509
TRUE,1629676799,22-08-2021,EUR,GBP,0.858503
TRUE,1629676799,22-08-2021,EUR,GEL,3.63739
TRUE,1629676799,22-08-2021,EUR,GGP,0.84509
TRUE,1629676799,22-08-2021,EUR,GHS,7.053944
TRUE,1629676799,22-08-2021,EUR,GIP,0.84509
TRUE,1629676799,22-08-2021,EUR,GMD,59.76178
TRUE,1629676799,22-08-2021,EUR,GNF,11454.42328
TRUE,1629676799,22-08-2021,EUR,GTQ,9.045118
TRUE,1629676799,22-08-2021,EUR,GYD,244.339967
TRUE,1629676799,22-08-2021,EUR,HKD,9.111581
TRUE,1629676799,22-08-2021,EUR,HNL,27.736456
TRUE,1629676799,22-08-2021,EUR,HRK,7.497012
TRUE,1629676799,22-08-2021,EUR,HTG,115.035152
TRUE,1629676799,22-08-2021,EUR,HUF,350.244341
TRUE,1629676799,22-08-2021,EUR,IDR,16902.90469
TRUE,1629676799,22-08-2021,EUR,ILS,3.78771
TRUE,1629676799,22-08-2021,EUR,IMP,0.84509
TRUE,1629676799,22-08-2021,EUR,INR,86.89652
TRUE,1629676799,22-08-2021,EUR,IQD,1703.920826
TRUE,1629676799,22-08-2021,EUR,IRR,49341.55845
TRUE,1629676799,22-08-2021,EUR,ISK,149.603706
TRUE,1629676799,22-08-2021,EUR,JEP,0.84509
TRUE,1629676799,22-08-2021,EUR,JMD,179.729553
TRUE,1629676799,22-08-2021,EUR,JOD,0.829218
TRUE,1629676799,22-08-2021,EUR,JPY,128.471679
TRUE,1629676799,22-08-2021,EUR,KES,128.17891
TRUE,1629676799,22-08-2021,EUR,KGS,98.99163
TRUE,1629676799,22-08-2021,EUR,KHR,4767.81883
TRUE,1629676799,22-08-2021,EUR,KMF,492.187391
TRUE,1629676799,22-08-2021,EUR,KPW,1052.557744
TRUE,1629676799,22-08-2021,EUR,KRW,1374.453176
TRUE,1629676799,22-08-2021,EUR,KWD,0.352198
TRUE,1629676799,22-08-2021,EUR,KYD,0.973241
TRUE,1629676799,22-08-2021,EUR,KZT,499.728123
TRUE,1629676799,22-08-2021,EUR,LAK,11198.66519
TRUE,1629676799,22-08-2021,EUR,LBP,1766.010653
TRUE,1629676799,22-08-2021,EUR,LKR,232.989826
TRUE,1629676799,22-08-2021,EUR,LRD,200.805381
TRUE,1629676799,22-08-2021,EUR,LSL,17.905328
TRUE,1629676799,22-08-2021,EUR,LTL,3.453254
TRUE,1629676799,22-08-2021,EUR,LVL,0.707424
TRUE,1629676799,22-08-2021,EUR,LYD,5.302231
TRUE,1629676799,22-08-2021,EUR,MAD,10.513777
TRUE,1629676799,22-08-2021,EUR,MDL,20.583728
TRUE,1629676799,22-08-2021,EUR,MGA,4575.1304
TRUE,1629676799,22-08-2021,EUR,MKD,61.604907
TRUE,1629676799,22-08-2021,EUR,MMK,1922.311844
TRUE,1629676799,22-08-2021,EUR,MNT,3334.152792
TRUE,1629676799,22-08-2021,EUR,MOP,9.371665
TRUE,1629676799,22-08-2021,EUR,MRO,417.514292
TRUE,1629676799,22-08-2021,EUR,MUR,49.588738
TRUE,1629676799,22-08-2021,EUR,MVR,18.068901
TRUE,1629676799,22-08-2021,EUR,MWK,948.905529
TRUE,1629676799,22-08-2021,EUR,MXN,23.841014
TRUE,1629676799,22-08-2021,EUR,MYR,4.955791
TRUE,1629676799,22-08-2021,EUR,MZN,74.496962
TRUE,1629676799,22-08-2021,EUR,NAD,17.905155
TRUE,1629676799,22-08-2021,EUR,NGN,481.487492
TRUE,1629676799,22-08-2021,EUR,NIO,41.009281
TRUE,1629676799,22-08-2021,EUR,NOK,10.567075
TRUE,1629676799,22-08-2021,EUR,NPR,138.953234
TRUE,1629676799,22-08-2021,EUR,NZD,1.712739
TRUE,1629676799,22-08-2021,EUR,OMR,0.450286
TRUE,1629676799,22-08-2021,EUR,PAB,1.167909
TRUE,1629676799,22-08-2021,EUR,PEN,4.796614
TRUE,1629676799,22-08-2021,EUR,PGK,4.15312
TRUE,1629676799,22-08-2021,EUR,PHP,58.780649
TRUE,1629676799,22-08-2021,EUR,PKR,192.143619
TRUE,1629676799,22-08-2021,EUR,PLN,4.576608
TRUE,1629676799,22-08-2021,EUR,PYG,8103.072374
TRUE,1629676799,22-08-2021,EUR,QAR,4.257888
TRUE,1629676799,22-08-2021,EUR,RON,4.933454
TRUE,1629676799,22-08-2021,EUR,RSD,117.560739
TRUE,1629676799,22-08-2021,EUR,RUB,86.812514
TRUE,1629676799,22-08-2021,EUR,RWF,1177.65705
TRUE,1629676799,22-08-2021,EUR,SAR,4.386009
TRUE,1629676799,22-08-2021,EUR,SBD,9.416429
TRUE,1629676799,22-08-2021,EUR,SCR,15.38148
TRUE,1629676799,22-08-2021,EUR,SDG,521.007897
TRUE,1629676799,22-08-2021,EUR,SEK,10.300831
TRUE,1629676799,22-08-2021,EUR,SGD,1.593341
TRUE,1629676799,22-08-2021,EUR,SHP,1.61088
TRUE,1629676799,22-08-2021,EUR,SLL,11987.4608
TRUE,1629676799,22-08-2021,EUR,SOS,685.331734
TRUE,1629676799,22-08-2021,EUR,SRD,25.022816
TRUE,1629676799,22-08-2021,EUR,STD,24206.46234
TRUE,1629676799,22-08-2021,EUR,SVC,10.219326
TRUE,1629676799,22-08-2021,EUR,SYP,1470.743305
TRUE,1629676799,22-08-2021,EUR,SZL,17.872372
TRUE,1629676799,22-08-2021,EUR,THB,38.955858
TRUE,1629676799,22-08-2021,EUR,TJS,13.325417
TRUE,1629676799,22-08-2021,EUR,TMT,4.093279
TRUE,1629676799,22-08-2021,EUR,TND,3.287468
TRUE,1629676799,22-08-2021,EUR,TOP,2.671683
TRUE,1629676799,22-08-2021,EUR,TRY,9.934412
TRUE,1629676799,22-08-2021,EUR,TTD,7.929401
TRUE,1629676799,22-08-2021,EUR,TWD,32.729816
TRUE,1629676799,22-08-2021,EUR,TZS,2712.090037
TRUE,1629676799,22-08-2021,EUR,UAH,31.1249
TRUE,1629676799,22-08-2021,EUR,UGX,4128.42359
TRUE,1629676799,22-08-2021,EUR,USD,1.169508
TRUE,1629676799,22-08-2021,EUR,UYU,50.387744
TRUE,1629676799,22-08-2021,EUR,UZS,12416.77561
TRUE,1629676799,22-08-2021,EUR,VEF,2.50E+11
TRUE,1629676799,22-08-2021,EUR,VND,26656.63252
TRUE,1629676799,22-08-2021,EUR,VUV,129.68319
TRUE,1629676799,22-08-2021,EUR,WST,2.994835
TRUE,1629676799,22-08-2021,EUR,XAF,655.849544
TRUE,1629676799,22-08-2021,EUR,XAG,0.050852
TRUE,1629676799,22-08-2021,EUR,XAU,0.000658
TRUE,1629676799,22-08-2021,EUR,XCD,3.160655
TRUE,1629676799,22-08-2021,EUR,XDR,0.823865
TRUE,1629676799,22-08-2021,EUR,XOF,655.849544
TRUE,1629676799,22-08-2021,EUR,XPF,119.769264
TRUE,1629676799,22-08-2021,EUR,YER,293.309538
TRUE,1629676799,22-08-2021,EUR,ZAR,17.918739
TRUE,1629676799,22-08-2021,EUR,ZMK,10526.97819
TRUE,1629676799,22-08-2021,EUR,ZMW,20.116504
TRUE,1629676799,22-08-2021,EUR,ZWL,376.581223
TRUE,1629763199,23-08-2021,EUR,AED,4.313881
TRUE,1629763199,23-08-2021,EUR,AFN,101.176636
TRUE,1629763199,23-08-2021,EUR,ALL,121.781337
TRUE,1629763199,23-08-2021,EUR,AMD,576.122487
TRUE,1629763199,23-08-2021,EUR,ANG,2.108375
TRUE,1629763199,23-08-2021,EUR,AOA,747.241613
TRUE,1629763199,23-08-2021,EUR,ARS,114.401078
TRUE,1629763199,23-08-2021,EUR,AUD,1.629113
TRUE,1629763199,23-08-2021,EUR,AWG,2.113954
TRUE,1629763199,23-08-2021,EUR,AZN,1.992936
TRUE,1629763199,23-08-2021,EUR,BAM,1.958788
TRUE,1629763199,23-08-2021,EUR,BBD,2.371572
TRUE,1629763199,23-08-2021,EUR,BDT,99.985189
TRUE,1629763199,23-08-2021,EUR,BGN,1.955489
TRUE,1629763199,23-08-2021,EUR,BHD,0.442751
TRUE,1629763199,23-08-2021,EUR,BIF,2333.570174
TRUE,1629763199,23-08-2021,EUR,BMD,1.174419
TRUE,1629763199,23-08-2021,EUR,BND,1.596404
TRUE,1629763199,23-08-2021,EUR,BOB,8.110415
TRUE,1629763199,23-08-2021,EUR,BRL,6.320019
TRUE,1629763199,23-08-2021,EUR,BSD,1.174569
TRUE,1629763199,23-08-2021,EUR,BTC,2.37E-05
TRUE,1629763199,23-08-2021,EUR,BTN,87.209948
TRUE,1629763199,23-08-2021,EUR,BWP,13.287112
TRUE,1629763199,23-08-2021,EUR,BYR,23018.60867
TRUE,1629763199,23-08-2021,EUR,BYN,2.956165
TRUE,1629763199,23-08-2021,EUR,BZD,2.367566
TRUE,1629763199,23-08-2021,EUR,CAD,1.48608
TRUE,1629763199,23-08-2021,EUR,CDF,2345.31498
TRUE,1629763199,23-08-2021,EUR,CHF,1.071425
TRUE,1629763199,23-08-2021,EUR,CLF,0.033385
TRUE,1629763199,23-08-2021,EUR,CLP,921.191004
TRUE,1629763199,23-08-2021,EUR,CNY,7.611994
TRUE,1629763199,23-08-2021,EUR,COP,4559.035098
TRUE,1629763199,23-08-2021,EUR,CRC,728.877774
TRUE,1629763199,23-08-2021,EUR,CUC,1.174419
TRUE,1629763199,23-08-2021,EUR,CUP,31.122098
TRUE,1629763199,23-08-2021,EUR,CVE,110.739634
TRUE,1629763199,23-08-2021,EUR,CZK,25.55019
TRUE,1629763199,23-08-2021,EUR,DJF,208.717692
TRUE,1629763199,23-08-2021,EUR,DKK,7.436831
TRUE,1629763199,23-08-2021,EUR,DOP,67.066366
TRUE,1629763199,23-08-2021,EUR,DZD,158.943749
TRUE,1629763199,23-08-2021,EUR,EGP,18.439667
TRUE,1629763199,23-08-2021,EUR,ERN,17.621935
TRUE,1629763199,23-08-2021,EUR,ETB,53.091941
TRUE,1629763199,23-08-2021,EUR,EUR,1
TRUE,1629763199,23-08-2021,EUR,FJD,2.47773
TRUE,1629763199,23-08-2021,EUR,FKP,0.848639
TRUE,1629763199,23-08-2021,EUR,GBP,0.855741
TRUE,1629763199,23-08-2021,EUR,GEL,3.652362
TRUE,1629763199,23-08-2021,EUR,GGP,0.848639
TRUE,1629763199,23-08-2021,EUR,GHS,7.093544
TRUE,1629763199,23-08-2021,EUR,GIP,0.848639
TRUE,1629763199,23-08-2021,EUR,GMD,60.019079
TRUE,1629763199,23-08-2021,EUR,GNF,11485.81622
TRUE,1629763199,23-08-2021,EUR,GTQ,9.097001
TRUE,1629763199,23-08-2021,EUR,GYD,245.43966
TRUE,1629763199,23-08-2021,EUR,HKD,9.15113
TRUE,1629763199,23-08-2021,EUR,HNL,28.021381
TRUE,1629763199,23-08-2021,EUR,HRK,7.49726
TRUE,1629763199,23-08-2021,EUR,HTG,115.69525
TRUE,1629763199,23-08-2021,EUR,HUF,350.076047
TRUE,1629763199,23-08-2021,EUR,IDR,16905.52388
TRUE,1629763199,23-08-2021,EUR,ILS,3.791615
TRUE,1629763199,23-08-2021,EUR,IMP,0.848639
TRUE,1629763199,23-08-2021,EUR,INR,87.031657
TRUE,1629763199,23-08-2021,EUR,IQD,1714.064252
TRUE,1629763199,23-08-2021,EUR,IRR,49548.72961
TRUE,1629763199,23-08-2021,EUR,ISK,150.172926
TRUE,1629763199,23-08-2021,EUR,JEP,0.848639
TRUE,1629763199,23-08-2021,EUR,JMD,181.471317
TRUE,1629763199,23-08-2021,EUR,JOD,0.83269
TRUE,1629763199,23-08-2021,EUR,JPY,128.807889
TRUE,1629763199,23-08-2021,EUR,KES,128.775321
TRUE,1629763199,23-08-2021,EUR,KGS,99.337161
TRUE,1629763199,23-08-2021,EUR,KHR,4791.628492
TRUE,1629763199,23-08-2021,EUR,KMF,492.492968
TRUE,1629763199,23-08-2021,EUR,KPW,1056.977126
TRUE,1629763199,23-08-2021,EUR,KRW,1372.308713
TRUE,1629763199,23-08-2021,EUR,KWD,0.353383
TRUE,1629763199,23-08-2021,EUR,KYD,0.978774
TRUE,1629763199,23-08-2021,EUR,KZT,499.784861
TRUE,1629763199,23-08-2021,EUR,LAK,11274.42026
TRUE,1629763199,23-08-2021,EUR,LBP,1793.337934
TRUE,1629763199,23-08-2021,EUR,LKR,234.620165
TRUE,1629763199,23-08-2021,EUR,LRD,201.70674
TRUE,1629763199,23-08-2021,EUR,LSL,17.874703
TRUE,1629763199,23-08-2021,EUR,LTL,3.467753
TRUE,1629763199,23-08-2021,EUR,LVL,0.710395
TRUE,1629763199,23-08-2021,EUR,LYD,5.326017
TRUE,1629763199,23-08-2021,EUR,MAD,10.562139
TRUE,1629763199,23-08-2021,EUR,MDL,20.749139
TRUE,1629763199,23-08-2021,EUR,MGA,4498.02413
TRUE,1629763199,23-08-2021,EUR,MKD,61.604971
TRUE,1629763199,23-08-2021,EUR,MMK,1933.340733
TRUE,1629763199,23-08-2021,EUR,MNT,3348.151926
TRUE,1629763199,23-08-2021,EUR,MOP,9.426097
TRUE,1629763199,23-08-2021,EUR,MRO,419.267313
TRUE,1629763199,23-08-2021,EUR,MUR,49.79359
TRUE,1629763199,23-08-2021,EUR,MVR,18.073733
TRUE,1629763199,23-08-2021,EUR,MWK,951.279252
TRUE,1629763199,23-08-2021,EUR,MXN,23.866598
TRUE,1629763199,23-08-2021,EUR,MYR,4.963093
TRUE,1629763199,23-08-2021,EUR,MZN,74.807697
TRUE,1629763199,23-08-2021,EUR,NAD,17.874462
TRUE,1629763199,23-08-2021,EUR,NGN,483.33178
TRUE,1629763199,23-08-2021,EUR,NIO,41.219134
TRUE,1629763199,23-08-2021,EUR,NOK,10.473931
TRUE,1629763199,23-08-2021,EUR,NPR,139.536157
TRUE,1629763199,23-08-2021,EUR,NZD,1.703785
TRUE,1629763199,23-08-2021,EUR,OMR,0.452172
TRUE,1629763199,23-08-2021,EUR,PAB,1.174569
TRUE,1629763199,23-08-2021,EUR,PEN,4.826278
TRUE,1629763199,23-08-2021,EUR,PGK,4.14587
TRUE,1629763199,23-08-2021,EUR,PHP,58.907432
TRUE,1629763199,23-08-2021,EUR,PKR,192.898283
TRUE,1629763199,23-08-2021,EUR,PLN,4.583739
TRUE,1629763199,23-08-2021,EUR,PYG,8146.269216
TRUE,1629763199,23-08-2021,EUR,QAR,4.276116
TRUE,1629763199,23-08-2021,EUR,RON,4.930562
TRUE,1629763199,23-08-2021,EUR,RSD,117.742836
TRUE,1629763199,23-08-2021,EUR,RUB,87.036767
TRUE,1629763199,23-08-2021,EUR,RWF,1180.290904
TRUE,1629763199,23-08-2021,EUR,SAR,4.4042
TRUE,1629763199,23-08-2021,EUR,SBD,9.452187
TRUE,1629763199,23-08-2021,EUR,SCR,15.558322
TRUE,1629763199,23-08-2021,EUR,SDG,523.20348
TRUE,1629763199,23-08-2021,EUR,SEK,10.236022
TRUE,1629763199,23-08-2021,EUR,SGD,1.593228
TRUE,1629763199,23-08-2021,EUR,SHP,1.617649
TRUE,1629763199,23-08-2021,EUR,SLL,12043.66503
TRUE,1629763199,23-08-2021,EUR,SOS,685.860073
TRUE,1629763199,23-08-2021,EUR,SRD,25.139017
TRUE,1629763199,23-08-2021,EUR,STD,24308.09821
TRUE,1629763199,23-08-2021,EUR,SVC,10.277479
TRUE,1629763199,23-08-2021,EUR,SYP,1476.918527
TRUE,1629763199,23-08-2021,EUR,SZL,17.875244
TRUE,1629763199,23-08-2021,EUR,THB,39.049553
TRUE,1629763199,23-08-2021,EUR,TJS,13.401842
TRUE,1629763199,23-08-2021,EUR,TMT,4.12221
TRUE,1629763199,23-08-2021,EUR,TND,3.291867
TRUE,1629763199,23-08-2021,EUR,TOP,2.68478
TRUE,1629763199,23-08-2021,EUR,TRY,9.901795
TRUE,1629763199,23-08-2021,EUR,TTD,7.974811
TRUE,1629763199,23-08-2021,EUR,TWD,32.786957
TRUE,1629763199,23-08-2021,EUR,TZS,2723.834201
TRUE,1629763199,23-08-2021,EUR,UAH,31.34344
TRUE,1629763199,23-08-2021,EUR,UGX,4152.071173
TRUE,1629763199,23-08-2021,EUR,USD,1.174419
TRUE,1629763199,23-08-2021,EUR,UYU,50.770466
TRUE,1629763199,23-08-2021,EUR,UZS,12507.56068
TRUE,1629763199,23-08-2021,EUR,VEF,2.51E+11
TRUE,1629763199,23-08-2021,EUR,VND,26809.04537
TRUE,1629763199,23-08-2021,EUR,VUV,130.227692
TRUE,1629763199,23-08-2021,EUR,WST,3.007409
TRUE,1629763199,23-08-2021,EUR,XAF,656.946437
TRUE,1629763199,23-08-2021,EUR,XAG,0.049757
TRUE,1629763199,23-08-2021,EUR,XAU,0.000651
TRUE,1629763199,23-08-2021,EUR,XCD,3.173926
TRUE,1629763199,23-08-2021,EUR,XDR,0.829349
TRUE,1629763199,23-08-2021,EUR,XOF,657.674967
TRUE,1629763199,23-08-2021,EUR,XPF,119.64392
TRUE,1629763199,23-08-2021,EUR,YER,294.485492
TRUE,1629763199,23-08-2021,EUR,ZAR,17.790213
TRUE,1629763199,23-08-2021,EUR,ZMK,10571.16955
TRUE,1629763199,23-08-2021,EUR,ZMW,19.879626
TRUE,1629763199,23-08-2021,EUR,ZWL,378.162378
TRUE,1629849599,24-08-2021,EUR,AED,4.31736
TRUE,1629849599,24-08-2021,EUR,AFN,101.258205
TRUE,1629849599,24-08-2021,EUR,ALL,121.663999
TRUE,1629849599,24-08-2021,EUR,AMD,577.081502
TRUE,1629849599,24-08-2021,EUR,ANG,2.10899
TRUE,1629849599,24-08-2021,EUR,AOA,747.632092
TRUE,1629849599,24-08-2021,EUR,ARS,114.419147
TRUE,1629849599,24-08-2021,EUR,AUD,1.62142
TRUE,1629849599,24-08-2021,EUR,AWG,2.116248
TRUE,1629849599,24-08-2021,EUR,AZN,1.999396
TRUE,1629849599,24-08-2021,EUR,BAM,1.958049
TRUE,1629849599,24-08-2021,EUR,BBD,2.371854
TRUE,1629849599,24-08-2021,EUR,BDT,100.23135
TRUE,1629849599,24-08-2021,EUR,BGN,1.957359
TRUE,1629849599,24-08-2021,EUR,BHD,0.443082
TRUE,1629849599,24-08-2021,EUR,BIF,2335.454142
TRUE,1629849599,24-08-2021,EUR,BMD,1.175367
TRUE,1629849599,24-08-2021,EUR,BND,1.593219
TRUE,1629849599,24-08-2021,EUR,BOB,8.099597
TRUE,1629849599,24-08-2021,EUR,BRL,6.166679
TRUE,1629849599,24-08-2021,EUR,BSD,1.174716
TRUE,1629849599,24-08-2021,EUR,BTC,2.46E-05
TRUE,1629849599,24-08-2021,EUR,BTN,86.080803
TRUE,1629849599,24-08-2021,EUR,BWP,13.221164
TRUE,1629849599,24-08-2021,EUR,BYR,23037.19234
TRUE,1629849599,24-08-2021,EUR,BYN,2.942835
TRUE,1629849599,24-08-2021,EUR,BZD,2.368284
TRUE,1629849599,24-08-2021,EUR,CAD,1.480733
TRUE,1629849599,24-08-2021,EUR,CDF,2347.207182
TRUE,1629849599,24-08-2021,EUR,CHF,1.073347
TRUE,1629849599,24-08-2021,EUR,CLF,0.033335
TRUE,1629849599,24-08-2021,EUR,CLP,919.806332
TRUE,1629849599,24-08-2021,EUR,CNY,7.606268
TRUE,1629849599,24-08-2021,EUR,COP,4545.144019
TRUE,1629849599,24-08-2021,EUR,CRC,729.616821
TRUE,1629849599,24-08-2021,EUR,CUC,1.175367
TRUE,1629849599,24-08-2021,EUR,CUP,31.147224
TRUE,1629849599,24-08-2021,EUR,CVE,110.714796
TRUE,1629849599,24-08-2021,EUR,CZK,25.537082
TRUE,1629849599,24-08-2021,EUR,DJF,208.885989
TRUE,1629849599,24-08-2021,EUR,DKK,7.436779
TRUE,1629849599,24-08-2021,EUR,DOP,67.089541
TRUE,1629849599,24-08-2021,EUR,DZD,158.93295
TRUE,1629849599,24-08-2021,EUR,EGP,18.45479
TRUE,1629849599,24-08-2021,EUR,ERN,17.636161
TRUE,1629849599,24-08-2021,EUR,ETB,53.185758
TRUE,1629849599,24-08-2021,EUR,EUR,1
TRUE,1629849599,24-08-2021,EUR,FJD,2.473016
TRUE,1629849599,24-08-2021,EUR,FKP,0.849324
TRUE,1629849599,24-08-2021,EUR,GBP,0.856369
TRUE,1629849599,24-08-2021,EUR,GEL,3.654979
TRUE,1629849599,24-08-2021,EUR,GGP,0.849324
TRUE,1629849599,24-08-2021,EUR,GHS,7.110665
TRUE,1629849599,24-08-2021,EUR,GIP,0.849324
TRUE,1629849599,24-08-2021,EUR,GMD,60.084783
TRUE,1629849599,24-08-2021,EUR,GNF,11518.59679
TRUE,1629849599,24-08-2021,EUR,GTQ,9.093805
TRUE,1629849599,24-08-2021,EUR,GYD,245.76355
TRUE,1629849599,24-08-2021,EUR,HKD,9.152929
TRUE,1629849599,24-08-2021,EUR,HNL,28.055931
TRUE,1629849599,24-08-2021,EUR,HRK,7.490647
TRUE,1629849599,24-08-2021,EUR,HTG,112.791819
TRUE,1629849599,24-08-2021,EUR,HUF,348.237624
TRUE,1629849599,24-08-2021,EUR,IDR,16989.92935
TRUE,1629849599,24-08-2021,EUR,ILS,3.782766
TRUE,1629849599,24-08-2021,EUR,IMP,0.849324
TRUE,1629849599,24-08-2021,EUR,INR,87.147642
TRUE,1629849599,24-08-2021,EUR,IQD,1716.623439
TRUE,1629849599,24-08-2021,EUR,IRR,49588.73199
TRUE,1629849599,24-08-2021,EUR,ISK,149.377626
TRUE,1629849599,24-08-2021,EUR,JEP,0.849324
TRUE,1629849599,24-08-2021,EUR,JMD,180.146194
TRUE,1629849599,24-08-2021,EUR,JOD,0.833324
TRUE,1629849599,24-08-2021,EUR,JPY,128.961851
TRUE,1629849599,24-08-2021,EUR,KES,128.819821
TRUE,1629849599,24-08-2021,EUR,KGS,99.480117
TRUE,1629849599,24-08-2021,EUR,KHR,4795.497093
TRUE,1629849599,24-08-2021,EUR,KMF,492.419936
TRUE,1629849599,24-08-2021,EUR,KPW,1057.830458
TRUE,1629849599,24-08-2021,EUR,KRW,1368.409519
TRUE,1629849599,24-08-2021,EUR,KWD,0.353668
TRUE,1629849599,24-08-2021,EUR,KYD,0.97893
TRUE,1629849599,24-08-2021,EUR,KZT,499.27154
TRUE,1629849599,24-08-2021,EUR,LAK,11277.64575
TRUE,1629849599,24-08-2021,EUR,LBP,1795.376661
TRUE,1629849599,24-08-2021,EUR,LKR,234.39782
TRUE,1629849599,24-08-2021,EUR,LRD,201.86955
TRUE,1629849599,24-08-2021,EUR,LSL,17.701323
TRUE,1629849599,24-08-2021,EUR,LTL,3.470553
TRUE,1629849599,24-08-2021,EUR,LVL,0.710967
TRUE,1629849599,24-08-2021,EUR,LYD,5.318601
TRUE,1629849599,24-08-2021,EUR,MAD,11.143067
TRUE,1629849599,24-08-2021,EUR,MDL,20.75492
TRUE,1629849599,24-08-2021,EUR,MGA,4501.655483
TRUE,1629849599,24-08-2021,EUR,MKD,61.603572
TRUE,1629849599,24-08-2021,EUR,MMK,1933.929032
TRUE,1629849599,24-08-2021,EUR,MNT,3350.854999
TRUE,1629849599,24-08-2021,EUR,MOP,9.425161
TRUE,1629849599,24-08-2021,EUR,MRO,419.605801
TRUE,1629849599,24-08-2021,EUR,MUR,49.83592
TRUE,1629849599,24-08-2021,EUR,MVR,18.159447
TRUE,1629849599,24-08-2021,EUR,MWK,953.222789
TRUE,1629849599,24-08-2021,EUR,MXN,23.755461
TRUE,1629849599,24-08-2021,EUR,MYR,4.958285
TRUE,1629849599,24-08-2021,EUR,MZN,74.888477
TRUE,1629849599,24-08-2021,EUR,NAD,17.700648
TRUE,1629849599,24-08-2021,EUR,NGN,483.769724
TRUE,1629849599,24-08-2021,EUR,NIO,41.254952
TRUE,1629849599,24-08-2021,EUR,NOK,10.382723
TRUE,1629849599,24-08-2021,EUR,NPR,137.75528
TRUE,1629849599,24-08-2021,EUR,NZD,1.694406
TRUE,1629849599,24-08-2021,EUR,OMR,0.452509
TRUE,1629849599,24-08-2021,EUR,PAB,1.174716
TRUE,1629849599,24-08-2021,EUR,PEN,4.811363
TRUE,1629849599,24-08-2021,EUR,PGK,4.154942
TRUE,1629849599,24-08-2021,EUR,PHP,58.944501
TRUE,1629849599,24-08-2021,EUR,PKR,193.994112
TRUE,1629849599,24-08-2021,EUR,PLN,4.574587
TRUE,1629849599,24-08-2021,EUR,PYG,8139.724145
TRUE,1629849599,24-08-2021,EUR,QAR,4.279488
TRUE,1629849599,24-08-2021,EUR,RON,4.930546
TRUE,1629849599,24-08-2021,EUR,RSD,117.712393
TRUE,1629849599,24-08-2021,EUR,RUB,86.738789
TRUE,1629849599,24-08-2021,EUR,RWF,1181.243791
TRUE,1629849599,24-08-2021,EUR,SAR,4.407938
TRUE,1629849599,24-08-2021,EUR,SBD,9.4636
TRUE,1629849599,24-08-2021,EUR,SCR,15.072294
TRUE,1629849599,24-08-2021,EUR,SDG,521.86279
TRUE,1629849599,24-08-2021,EUR,SEK,10.213504
TRUE,1629849599,24-08-2021,EUR,SGD,1.591683
TRUE,1629849599,24-08-2021,EUR,SHP,1.618953
TRUE,1629849599,24-08-2021,EUR,SLL,12047.51154
TRUE,1629849599,24-08-2021,EUR,SOS,686.414546
TRUE,1629849599,24-08-2021,EUR,SRD,25.147565
TRUE,1629849599,24-08-2021,EUR,STD,24327.72294
TRUE,1629849599,24-08-2021,EUR,SVC,10.28065
TRUE,1629849599,24-08-2021,EUR,SYP,1478.110892
TRUE,1629849599,24-08-2021,EUR,SZL,17.70134
TRUE,1629849599,24-08-2021,EUR,THB,38.646194
TRUE,1629849599,24-08-2021,EUR,TJS,13.405678
TRUE,1629849599,24-08-2021,EUR,TMT,4.113784
TRUE,1629849599,24-08-2021,EUR,TND,3.28691
TRUE,1629849599,24-08-2021,EUR,TOP,2.675954
TRUE,1629849599,24-08-2021,EUR,TRY,9.893421
TRUE,1629849599,24-08-2021,EUR,TTD,7.984087
TRUE,1629849599,24-08-2021,EUR,TWD,32.800608
TRUE,1629849599,24-08-2021,EUR,TZS,2725.676563
TRUE,1629849599,24-08-2021,EUR,UAH,31.35263
TRUE,1629849599,24-08-2021,EUR,UGX,4154.507996
TRUE,1629849599,24-08-2021,EUR,USD,1.175367
TRUE,1629849599,24-08-2021,EUR,UYU,50.809579
TRUE,1629849599,24-08-2021,EUR,UZS,6926.990961
TRUE,1629849599,24-08-2021,EUR,VEF,2.51E+11
TRUE,1629849599,24-08-2021,EUR,VND,26823.04931
TRUE,1629849599,24-08-2021,EUR,VUV,130.332829
TRUE,1629849599,24-08-2021,EUR,WST,3.009837
TRUE,1629849599,24-08-2021,EUR,XAF,656.706784
TRUE,1629849599,24-08-2021,EUR,XAG,0.049319
TRUE,1629849599,24-08-2021,EUR,XAU,0.000652
TRUE,1629849599,24-08-2021,EUR,XCD,3.176488
TRUE,1629849599,24-08-2021,EUR,XDR,0.828246
TRUE,1629849599,24-08-2021,EUR,XOF,656.438557
TRUE,1629849599,24-08-2021,EUR,XPF,119.828346
TRUE,1629849599,24-08-2021,EUR,YER,294.723529
TRUE,1629849599,24-08-2021,EUR,ZAR,17.648875
TRUE,1629849599,24-08-2021,EUR,ZMK,10579.71328
TRUE,1629849599,24-08-2021,EUR,ZMW,19.679802
TRUE,1629849599,24-08-2021,EUR,ZWL,378.467681
TRUE,1629935999,25-08-2021,EUR,AED,4.324036
TRUE,1629935999,25-08-2021,EUR,AFN,101.408276
TRUE,1629935999,25-08-2021,EUR,ALL,121.926849
TRUE,1629935999,25-08-2021,EUR,AMD,579.504462
TRUE,1629935999,25-08-2021,EUR,ANG,2.113463
TRUE,1629935999,25-08-2021,EUR,AOA,748.787791
TRUE,1629935999,25-08-2021,EUR,ARS,114.665896
TRUE,1629935999,25-08-2021,EUR,AUD,1.617926
TRUE,1629935999,25-08-2021,EUR,AWG,2.119519
TRUE,1629935999,25-08-2021,EUR,AZN,2.001436
TRUE,1629935999,25-08-2021,EUR,BAM,1.960341
TRUE,1629935999,25-08-2021,EUR,BBD,2.377371
TRUE,1629935999,25-08-2021,EUR,BDT,100.479477
TRUE,1629935999,25-08-2021,EUR,BGN,1.955893
TRUE,1629935999,25-08-2021,EUR,BHD,0.443817
TRUE,1629935999,25-08-2021,EUR,BIF,2336.065531
TRUE,1629935999,25-08-2021,EUR,BMD,1.177184
TRUE,1629935999,25-08-2021,EUR,BND,1.59333
TRUE,1629935999,25-08-2021,EUR,BOB,8.130208
TRUE,1629935999,25-08-2021,EUR,BRL,6.136618
TRUE,1629935999,25-08-2021,EUR,BSD,1.177409
TRUE,1629935999,25-08-2021,EUR,BTC,2.40E-05
TRUE,1629935999,25-08-2021,EUR,BTN,87.397819
TRUE,1629935999,25-08-2021,EUR,BWP,13.185241
TRUE,1629935999,25-08-2021,EUR,BYR,23072.80293
TRUE,1629935999,25-08-2021,EUR,BYN,2.950389
TRUE,1629935999,25-08-2021,EUR,BZD,2.373361
TRUE,1629935999,25-08-2021,EUR,CAD,1.481986
TRUE,1629935999,25-08-2021,EUR,CDF,2350.836181
TRUE,1629935999,25-08-2021,EUR,CHF,1.075833
TRUE,1629935999,25-08-2021,EUR,CLF,0.033446
TRUE,1629935999,25-08-2021,EUR,CLP,922.876892
TRUE,1629935999,25-08-2021,EUR,CNY,7.623418
TRUE,1629935999,25-08-2021,EUR,COP,4550.404068
TRUE,1629935999,25-08-2021,EUR,CRC,731.483219
TRUE,1629935999,25-08-2021,EUR,CUC,1.177184
TRUE,1629935999,25-08-2021,EUR,CUP,31.195371
TRUE,1629935999,25-08-2021,EUR,CVE,110.890602
TRUE,1629935999,25-08-2021,EUR,CZK,25.555009
TRUE,1629935999,25-08-2021,EUR,DJF,209.209273
TRUE,1629935999,25-08-2021,EUR,DKK,7.436518
TRUE,1629935999,25-08-2021,EUR,DOP,67.182119
TRUE,1629935999,25-08-2021,EUR,DZD,159.239401
TRUE,1629935999,25-08-2021,EUR,EGP,18.482903
TRUE,1629935999,25-08-2021,EUR,ERN,17.663423
TRUE,1629935999,25-08-2021,EUR,ETB,53.26743
TRUE,1629935999,25-08-2021,EUR,EUR,1
TRUE,1629935999,25-08-2021,EUR,FJD,2.475205
TRUE,1629935999,25-08-2021,EUR,FKP,0.850637
TRUE,1629935999,25-08-2021,EUR,GBP,0.855283
TRUE,1629935999,25-08-2021,EUR,GEL,3.673114
TRUE,1629935999,25-08-2021,EUR,GGP,0.850637
TRUE,1629935999,25-08-2021,EUR,GHS,7.110287
TRUE,1629935999,25-08-2021,EUR,GIP,0.850637
TRUE,1629935999,25-08-2021,EUR,GMD,60.224879
TRUE,1629935999,25-08-2021,EUR,GNF,11542.28757
TRUE,1629935999,25-08-2021,EUR,GTQ,9.113371
TRUE,1629935999,25-08-2021,EUR,GYD,246.246639
TRUE,1629935999,25-08-2021,EUR,HKD,9.163011
TRUE,1629935999,25-08-2021,EUR,HNL,28.099935
TRUE,1629935999,25-08-2021,EUR,HRK,7.492073
TRUE,1629935999,25-08-2021,EUR,HTG,117.155587
TRUE,1629935999,25-08-2021,EUR,HUF,348.516488
TRUE,1629935999,25-08-2021,EUR,IDR,17035.02711
TRUE,1629935999,25-08-2021,EUR,ILS,3.793304
TRUE,1629935999,25-08-2021,EUR,IMP,0.850637
TRUE,1629935999,25-08-2021,EUR,INR,87.229615
TRUE,1629935999,25-08-2021,EUR,IQD,1718.09979
TRUE,1629935999,25-08-2021,EUR,IRR,49665.3857
TRUE,1629935999,25-08-2021,EUR,ISK,148.595889
TRUE,1629935999,25-08-2021,EUR,JEP,0.850637
TRUE,1629935999,25-08-2021,EUR,JMD,179.86589
TRUE,1629935999,25-08-2021,EUR,JOD,0.834662
TRUE,1629935999,25-08-2021,EUR,JPY,129.466089
TRUE,1629935999,25-08-2021,EUR,KES,129.195208
TRUE,1629935999,25-08-2021,EUR,KGS,99.703228
TRUE,1629935999,25-08-2021,EUR,KHR,4804.087679
TRUE,1629935999,25-08-2021,EUR,KMF,493.063323
TRUE,1629935999,25-08-2021,EUR,KPW,1059.465639
TRUE,1629935999,25-08-2021,EUR,KRW,1370.559944
TRUE,1629935999,25-08-2021,EUR,KWD,0.354274
TRUE,1629935999,25-08-2021,EUR,KYD,0.981158
TRUE,1629935999,25-08-2021,EUR,KZT,501.644336
TRUE,1629935999,25-08-2021,EUR,LAK,11312.73678
TRUE,1629935999,25-08-2021,EUR,LBP,1798.593314
TRUE,1629935999,25-08-2021,EUR,LKR,234.864132
TRUE,1629935999,25-08-2021,EUR,LRD,202.29909
TRUE,1629935999,25-08-2021,EUR,LSL,17.622168
TRUE,1629935999,25-08-2021,EUR,LTL,3.475918
TRUE,1629935999,25-08-2021,EUR,LVL,0.712067
TRUE,1629935999,25-08-2021,EUR,LYD,5.326717
TRUE,1629935999,25-08-2021,EUR,MAD,10.575836
TRUE,1629935999,25-08-2021,EUR,MDL,20.840657
TRUE,1629935999,25-08-2021,EUR,MGA,4520.386218
TRUE,1629935999,25-08-2021,EUR,MKD,61.616509
TRUE,1629935999,25-08-2021,EUR,MMK,1937.776657
TRUE,1629935999,25-08-2021,EUR,MNT,3356.034707
TRUE,1629935999,25-08-2021,EUR,MOP,9.439117
TRUE,1629935999,25-08-2021,EUR,MRO,420.254422
TRUE,1629935999,25-08-2021,EUR,MUR,50.261369
TRUE,1629935999,25-08-2021,EUR,MVR,18.211255
TRUE,1629935999,25-08-2021,EUR,MWK,953.519011
TRUE,1629935999,25-08-2021,EUR,MXN,23.815492
TRUE,1629935999,25-08-2021,EUR,MYR,4.950071
TRUE,1629935999,25-08-2021,EUR,MZN,75.00972
TRUE,1629935999,25-08-2021,EUR,NAD,17.622628
TRUE,1629935999,25-08-2021,EUR,NGN,484.469652
TRUE,1629935999,25-08-2021,EUR,NIO,41.319112
TRUE,1629935999,25-08-2021,EUR,NOK,10.373838
TRUE,1629935999,25-08-2021,EUR,NPR,139.836991
TRUE,1629935999,25-08-2021,EUR,NZD,1.688348
TRUE,1629935999,25-08-2021,EUR,OMR,0.453208
TRUE,1629935999,25-08-2021,EUR,PAB,1.177409
TRUE,1629935999,25-08-2021,EUR,PEN,4.805853
TRUE,1629935999,25-08-2021,EUR,PGK,4.155529
TRUE,1629935999,25-08-2021,EUR,PHP,58.674391
TRUE,1629935999,25-08-2021,EUR,PKR,195.470983
TRUE,1629935999,25-08-2021,EUR,PLN,4.575066
TRUE,1629935999,25-08-2021,EUR,PYG,8161.38019
TRUE,1629935999,25-08-2021,EUR,QAR,4.286093
TRUE,1629935999,25-08-2021,EUR,RON,4.928748
TRUE,1629935999,25-08-2021,EUR,RSD,117.851188
TRUE,1629935999,25-08-2021,EUR,RUB,86.882064
TRUE,1629935999,25-08-2021,EUR,RWF,1183.069742
TRUE,1629935999,25-08-2021,EUR,SAR,4.415183
TRUE,1629935999,25-08-2021,EUR,SBD,9.478186
TRUE,1629935999,25-08-2021,EUR,SCR,16.569209
TRUE,1629935999,25-08-2021,EUR,SDG,520.903676
TRUE,1629935999,25-08-2021,EUR,SEK,10.225737
TRUE,1629935999,25-08-2021,EUR,SGD,1.592342
TRUE,1629935999,25-08-2021,EUR,SHP,1.62145
TRUE,1629935999,25-08-2021,EUR,SLL,12154.42328
TRUE,1629935999,25-08-2021,EUR,SOS,688.652368
TRUE,1629935999,25-08-2021,EUR,SRD,25.159926
TRUE,1629935999,25-08-2021,EUR,STD,24365.32841
TRUE,1629935999,25-08-2021,EUR,SVC,10.302708
TRUE,1629935999,25-08-2021,EUR,SYP,1480.395736
TRUE,1629935999,25-08-2021,EUR,SZL,17.622491
TRUE,1629935999,25-08-2021,EUR,THB,38.567484
TRUE,1629935999,25-08-2021,EUR,TJS,13.434614
TRUE,1629935999,25-08-2021,EUR,TMT,4.120143
TRUE,1629935999,25-08-2021,EUR,TND,3.281398
TRUE,1629935999,25-08-2021,EUR,TOP,2.672799
TRUE,1629935999,25-08-2021,EUR,TRY,9.865454
TRUE,1629935999,25-08-2021,EUR,TTD,7.998205
TRUE,1629935999,25-08-2021,EUR,TWD,32.8387
TRUE,1629935999,25-08-2021,EUR,TZS,2729.888888
TRUE,1629935999,25-08-2021,EUR,UAH,31.466909
TRUE,1629935999,25-08-2021,EUR,UGX,4162.277837
TRUE,1629935999,25-08-2021,EUR,USD,1.177184
TRUE,1629935999,25-08-2021,EUR,UYU,50.604924
TRUE,1629935999,25-08-2021,EUR,UZS,12537.00794
TRUE,1629935999,25-08-2021,EUR,VEF,2.52E+11
TRUE,1629935999,25-08-2021,EUR,VND,26830.96229
TRUE,1629935999,25-08-2021,EUR,VUV,130.534295
TRUE,1629935999,25-08-2021,EUR,WST,3.01449
TRUE,1629935999,25-08-2021,EUR,XAF,657.371957
TRUE,1629935999,25-08-2021,EUR,XAG,0.049344
TRUE,1629935999,25-08-2021,EUR,XAU,0.000657
TRUE,1629935999,25-08-2021,EUR,XCD,3.181398
TRUE,1629935999,25-08-2021,EUR,XDR,0.829412
TRUE,1629935999,25-08-2021,EUR,XOF,656.275203
TRUE,1629935999,25-08-2021,EUR,XPF,119.720922
TRUE,1629935999,25-08-2021,EUR,YER,295.238707
TRUE,1629935999,25-08-2021,EUR,ZAR,17.606568
TRUE,1629935999,25-08-2021,EUR,ZMK,10596.06364
TRUE,1629935999,25-08-2021,EUR,ZMW,19.398338
TRUE,1629935999,25-08-2021,EUR,ZWL,379.052711
TRUE,1630022399,26-08-2021,EUR,AED,4.317837
TRUE,1630022399,26-08-2021,EUR,AFN,101.441365
TRUE,1630022399,26-08-2021,EUR,ALL,121.839776
TRUE,1630022399,26-08-2021,EUR,AMD,579.590124
TRUE,1630022399,26-08-2021,EUR,ANG,2.109968
TRUE,1630022399,26-08-2021,EUR,AOA,746.440419
TRUE,1630022399,26-08-2021,EUR,ARS,114.550134
TRUE,1630022399,26-08-2021,EUR,AUD,1.62367
TRUE,1630022399,26-08-2021,EUR,AWG,2.116481
TRUE,1630022399,26-08-2021,EUR,AZN,2.002669
TRUE,1630022399,26-08-2021,EUR,BAM,1.952469
TRUE,1630022399,26-08-2021,EUR,BBD,2.373414
TRUE,1630022399,26-08-2021,EUR,BDT,100.326492
TRUE,1630022399,26-08-2021,EUR,BGN,1.952101
TRUE,1630022399,26-08-2021,EUR,BHD,0.443189
TRUE,1630022399,26-08-2021,EUR,BIF,2335.711407
TRUE,1630022399,26-08-2021,EUR,BMD,1.175496
TRUE,1630022399,26-08-2021,EUR,BND,1.589863
TRUE,1630022399,26-08-2021,EUR,BOB,8.104848
TRUE,1630022399,26-08-2021,EUR,BRL,6.175233
TRUE,1630022399,26-08-2021,EUR,BSD,1.175476
TRUE,1630022399,26-08-2021,EUR,BTC,2.50E-05
TRUE,1630022399,26-08-2021,EUR,BTN,87.196894
TRUE,1630022399,26-08-2021,EUR,BWP,13.16324
TRUE,1630022399,26-08-2021,EUR,BYR,23039.73004
TRUE,1630022399,26-08-2021,EUR,BYN,2.955412
TRUE,1630022399,26-08-2021,EUR,BZD,2.369421
TRUE,1630022399,26-08-2021,EUR,CAD,1.490988
TRUE,1630022399,26-08-2021,EUR,CDF,2347.466332
TRUE,1630022399,26-08-2021,EUR,CHF,1.079094
TRUE,1630022399,26-08-2021,EUR,CLF,0.033523
TRUE,1630022399,26-08-2021,EUR,CLP,925.009733
TRUE,1630022399,26-08-2021,EUR,CNY,7.618975
TRUE,1630022399,26-08-2021,EUR,COP,4546.526319
TRUE,1630022399,26-08-2021,EUR,CRC,730.722091
TRUE,1630022399,26-08-2021,EUR,CUC,1.175496
TRUE,1630022399,26-08-2021,EUR,CUP,31.150655
TRUE,1630022399,26-08-2021,EUR,CVE,110.673091
TRUE,1630022399,26-08-2021,EUR,CZK,25.537836
TRUE,1630022399,26-08-2021,EUR,DJF,208.909056
TRUE,1630022399,26-08-2021,EUR,DKK,7.436893
TRUE,1630022399,26-08-2021,EUR,DOP,67.062421
TRUE,1630022399,26-08-2021,EUR,DZD,159.352664
TRUE,1630022399,26-08-2021,EUR,EGP,18.4576
TRUE,1630022399,26-08-2021,EUR,ERN,17.638104
TRUE,1630022399,26-08-2021,EUR,ETB,53.202921
TRUE,1630022399,26-08-2021,EUR,EUR,1
TRUE,1630022399,26-08-2021,EUR,FJD,2.473214
TRUE,1630022399,26-08-2021,EUR,FKP,0.849417
TRUE,1630022399,26-08-2021,EUR,GBP,0.857936
TRUE,1630022399,26-08-2021,EUR,GEL,3.667755
TRUE,1630022399,26-08-2021,EUR,GGP,0.849417
TRUE,1630022399,26-08-2021,EUR,GHS,7.111396
TRUE,1630022399,26-08-2021,EUR,GIP,0.849417
TRUE,1630022399,26-08-2021,EUR,GMD,60.162174
TRUE,1630022399,26-08-2021,EUR,GNF,11531.6202
TRUE,1630022399,26-08-2021,EUR,GTQ,9.098138
TRUE,1630022399,26-08-2021,EUR,GYD,245.736974
TRUE,1630022399,26-08-2021,EUR,HKD,9.154002
TRUE,1630022399,26-08-2021,EUR,HNL,28.06501
TRUE,1630022399,26-08-2021,EUR,HRK,7.489202
TRUE,1630022399,26-08-2021,EUR,HTG,116.078176
TRUE,1630022399,26-08-2021,EUR,HUF,349.006654
TRUE,1630022399,26-08-2021,EUR,IDR,16985.15935
TRUE,1630022399,26-08-2021,EUR,ILS,3.789953
TRUE,1630022399,26-08-2021,EUR,IMP,0.849417
TRUE,1630022399,26-08-2021,EUR,INR,87.170407
TRUE,1630022399,26-08-2021,EUR,IQD,1716.812537
TRUE,1630022399,26-08-2021,EUR,IRR,49594.19476
TRUE,1630022399,26-08-2021,EUR,ISK,148.794288
TRUE,1630022399,26-08-2021,EUR,JEP,0.849417
TRUE,1630022399,26-08-2021,EUR,JMD,179.159584
TRUE,1630022399,26-08-2021,EUR,JOD,0.83342
TRUE,1630022399,26-08-2021,EUR,JPY,129.373369
TRUE,1630022399,26-08-2021,EUR,KES,129.068145
TRUE,1630022399,26-08-2021,EUR,KGS,99.59318
TRUE,1630022399,26-08-2021,EUR,KHR,4796.025511
TRUE,1630022399,26-08-2021,EUR,KMF,492.532713
TRUE,1630022399,26-08-2021,EUR,KPW,1057.946985
TRUE,1630022399,26-08-2021,EUR,KRW,1376.176895
TRUE,1630022399,26-08-2021,EUR,KWD,0.353766
TRUE,1630022399,26-08-2021,EUR,KYD,0.979614
TRUE,1630022399,26-08-2021,EUR,KZT,501.925955
TRUE,1630022399,26-08-2021,EUR,LAK,11278.8886
TRUE,1630022399,26-08-2021,EUR,LBP,1791.680445
TRUE,1630022399,26-08-2021,EUR,LKR,234.506606
TRUE,1630022399,26-08-2021,EUR,LRD,202.008579
TRUE,1630022399,26-08-2021,EUR,LSL,17.538783
TRUE,1630022399,26-08-2021,EUR,LTL,3.470935
TRUE,1630022399,26-08-2021,EUR,LVL,0.711046
TRUE,1630022399,26-08-2021,EUR,LYD,5.330869
TRUE,1630022399,26-08-2021,EUR,MAD,10.539756
TRUE,1630022399,26-08-2021,EUR,MDL,20.799994
TRUE,1630022399,26-08-2021,EUR,MGA,4523.310593
TRUE,1630022399,26-08-2021,EUR,MKD,61.614813
TRUE,1630022399,26-08-2021,EUR,MMK,1934.826175
TRUE,1630022399,26-08-2021,EUR,MNT,3351.224117
TRUE,1630022399,26-08-2021,EUR,MOP,9.42777
TRUE,1630022399,26-08-2021,EUR,MRO,419.652023
TRUE,1630022399,26-08-2021,EUR,MUR,50.604809
TRUE,1630022399,26-08-2021,EUR,MVR,18.161571
TRUE,1630022399,26-08-2021,EUR,MWK,952.15238
TRUE,1630022399,26-08-2021,EUR,MXN,23.942979
TRUE,1630022399,26-08-2021,EUR,MYR,4.931558
TRUE,1630022399,26-08-2021,EUR,MZN,74.908516
TRUE,1630022399,26-08-2021,EUR,NAD,17.53867
TRUE,1630022399,26-08-2021,EUR,NGN,483.716842
TRUE,1630022399,26-08-2021,EUR,NIO,41.258523
TRUE,1630022399,26-08-2021,EUR,NOK,10.383736
TRUE,1630022399,26-08-2021,EUR,NPR,139.514831
TRUE,1630022399,26-08-2021,EUR,NZD,1.692356
TRUE,1630022399,26-08-2021,EUR,OMR,0.452564
TRUE,1630022399,26-08-2021,EUR,PAB,1.175476
TRUE,1630022399,26-08-2021,EUR,PEN,4.784855
TRUE,1630022399,26-08-2021,EUR,PGK,4.15541
TRUE,1630022399,26-08-2021,EUR,PHP,58.78132
TRUE,1630022399,26-08-2021,EUR,PKR,195.249053
TRUE,1630022399,26-08-2021,EUR,PLN,4.575567
TRUE,1630022399,26-08-2021,EUR,PYG,8143.680983
TRUE,1630022399,26-08-2021,EUR,QAR,4.280021
TRUE,1630022399,26-08-2021,EUR,RON,4.933592
TRUE,1630022399,26-08-2021,EUR,RSD,117.377939
TRUE,1630022399,26-08-2021,EUR,RUB,87.343971
TRUE,1630022399,26-08-2021,EUR,RWF,1181.373913
TRUE,1630022399,26-08-2021,EUR,SAR,4.409029
TRUE,1630022399,26-08-2021,EUR,SBD,9.472226
TRUE,1630022399,26-08-2021,EUR,SCR,15.196722
TRUE,1630022399,26-08-2021,EUR,SDG,521.338499
TRUE,1630022399,26-08-2021,EUR,SEK,10.229946
TRUE,1630022399,26-08-2021,EUR,SGD,1.591516
TRUE,1630022399,26-08-2021,EUR,SHP,1.619124
TRUE,1630022399,26-08-2021,EUR,SLL,12137.00087
TRUE,1630022399,26-08-2021,EUR,SOS,687.665508
TRUE,1630022399,26-08-2021,EUR,SRD,25.118048
TRUE,1630022399,26-08-2021,EUR,STD,24330.40279
TRUE,1630022399,26-08-2021,EUR,SVC,10.285294
TRUE,1630022399,26-08-2021,EUR,SYP,1478.273715
TRUE,1630022399,26-08-2021,EUR,SZL,17.538511
TRUE,1630022399,26-08-2021,EUR,THB,38.494567
TRUE,1630022399,26-08-2021,EUR,TJS,13.412112
TRUE,1630022399,26-08-2021,EUR,TMT,4.125992
TRUE,1630022399,26-08-2021,EUR,TND,3.279048
TRUE,1630022399,26-08-2021,EUR,TOP,2.660497
TRUE,1630022399,26-08-2021,EUR,TRY,9.858295
TRUE,1630022399,26-08-2021,EUR,TTD,7.992541
TRUE,1630022399,26-08-2021,EUR,TWD,32.833496
TRUE,1630022399,26-08-2021,EUR,TZS,2725.975827
TRUE,1630022399,26-08-2021,EUR,UAH,31.520638
TRUE,1630022399,26-08-2021,EUR,UGX,4155.24691
TRUE,1630022399,26-08-2021,EUR,USD,1.175496
TRUE,1630022399,26-08-2021,EUR,UYU,50.339343
TRUE,1630022399,26-08-2021,EUR,UZS,12519.03728
TRUE,1630022399,26-08-2021,EUR,VEF,2.51E+11
TRUE,1630022399,26-08-2021,EUR,VND,26786.03716
TRUE,1630022399,26-08-2021,EUR,VUV,130.347186
TRUE,1630022399,26-08-2021,EUR,WST,3.010169
TRUE,1630022399,26-08-2021,EUR,XAF,654.829737
TRUE,1630022399,26-08-2021,EUR,XAG,0.049832
TRUE,1630022399,26-08-2021,EUR,XAU,0.000655
TRUE,1630022399,26-08-2021,EUR,XCD,3.176839
TRUE,1630022399,26-08-2021,EUR,XDR,0.827675
TRUE,1630022399,26-08-2021,EUR,XOF,656.520257
TRUE,1630022399,26-08-2021,EUR,XPF,119.760262
TRUE,1630022399,26-08-2021,EUR,YER,294.873054
TRUE,1630022399,26-08-2021,EUR,ZAR,17.547579
TRUE,1630022399,26-08-2021,EUR,ZMK,10580.87555
TRUE,1630022399,26-08-2021,EUR,ZMW,19.307163
TRUE,1630022399,26-08-2021,EUR,ZWL,378.509371
TRUE,1630108799,27-08-2021,EUR,AED,4.333162
TRUE,1630108799,27-08-2021,EUR,AFN,101.604293
TRUE,1630108799,27-08-2021,EUR,ALL,122.330445
TRUE,1630108799,27-08-2021,EUR,AMD,582.445159
TRUE,1630108799,27-08-2021,EUR,ANG,2.117458
TRUE,1630108799,27-08-2021,EUR,AOA,749.129221
TRUE,1630108799,27-08-2021,EUR,ARS,115.004458
TRUE,1630108799,27-08-2021,EUR,AUD,1.613417
TRUE,1630108799,27-08-2021,EUR,AWG,2.124105
TRUE,1630108799,27-08-2021,EUR,AZN,2.010225
TRUE,1630108799,27-08-2021,EUR,BAM,1.962092
TRUE,1630108799,27-08-2021,EUR,BBD,2.381802
TRUE,1630108799,27-08-2021,EUR,BDT,100.683554
TRUE,1630108799,27-08-2021,EUR,BGN,1.95691
TRUE,1630108799,27-08-2021,EUR,BHD,0.444779
TRUE,1630108799,27-08-2021,EUR,BIF,2340.470135
TRUE,1630108799,27-08-2021,EUR,BMD,1.17973
TRUE,1630108799,27-08-2021,EUR,BND,1.593787
TRUE,1630108799,27-08-2021,EUR,BOB,8.145498
TRUE,1630108799,27-08-2021,EUR,BRL,6.140545
TRUE,1630108799,27-08-2021,EUR,BSD,1.179665
TRUE,1630108799,27-08-2021,EUR,BTC,2.41E-05
TRUE,1630108799,27-08-2021,EUR,BTN,87.366048
TRUE,1630108799,27-08-2021,EUR,BWP,13.210063
TRUE,1630108799,27-08-2021,EUR,BYR,23122.71533
TRUE,1630108799,27-08-2021,EUR,BYN,2.969879
TRUE,1630108799,27-08-2021,EUR,BZD,2.377789
TRUE,1630108799,27-08-2021,EUR,CAD,1.489274
TRUE,1630108799,27-08-2021,EUR,CDF,2355.921983
TRUE,1630108799,27-08-2021,EUR,CHF,1.075458
TRUE,1630108799,27-08-2021,EUR,CLF,0.033485
TRUE,1630108799,27-08-2021,EUR,CLP,923.969444
TRUE,1630108799,27-08-2021,EUR,CNY,7.634984
TRUE,1630108799,27-08-2021,EUR,COP,4517.199399
TRUE,1630108799,27-08-2021,EUR,CRC,733.330589
TRUE,1630108799,27-08-2021,EUR,CUC,1.17973
TRUE,1630108799,27-08-2021,EUR,CUP,31.262855
TRUE,1630108799,27-08-2021,EUR,CVE,110.618062
TRUE,1630108799,27-08-2021,EUR,CZK,25.511611
TRUE,1630108799,27-08-2021,EUR,DJF,209.662146
TRUE,1630108799,27-08-2021,EUR,DKK,7.436671
TRUE,1630108799,27-08-2021,EUR,DOP,67.216537
TRUE,1630108799,27-08-2021,EUR,DZD,159.822759
TRUE,1630108799,27-08-2021,EUR,EGP,18.520989
TRUE,1630108799,27-08-2021,EUR,ERN,17.701634
TRUE,1630108799,27-08-2021,EUR,ETB,53.824292
TRUE,1630108799,27-08-2021,EUR,EUR,1
TRUE,1630108799,27-08-2021,EUR,FJD,2.4822
TRUE,1630108799,27-08-2021,EUR,FKP,0.852477
TRUE,1630108799,27-08-2021,EUR,GBP,0.857238
TRUE,1630108799,27-08-2021,EUR,GEL,3.68122
TRUE,1630108799,27-08-2021,EUR,GGP,0.852477
TRUE,1630108799,27-08-2021,EUR,GHS,7.125141
TRUE,1630108799,27-08-2021,EUR,GIP,0.852477
TRUE,1630108799,27-08-2021,EUR,GMD,60.37906
TRUE,1630108799,27-08-2021,EUR,GNF,11560.59824
TRUE,1630108799,27-08-2021,EUR,GTQ,9.130542
TRUE,1630108799,27-08-2021,EUR,GYD,246.707422
TRUE,1630108799,27-08-2021,EUR,HKD,9.187333
TRUE,1630108799,27-08-2021,EUR,HNL,28.080626
TRUE,1630108799,27-08-2021,EUR,HRK,7.490703
TRUE,1630108799,27-08-2021,EUR,HTG,115.605982
TRUE,1630108799,27-08-2021,EUR,HUF,349.241528
TRUE,1630108799,27-08-2021,EUR,IDR,16897.4551
TRUE,1630108799,27-08-2021,EUR,ILS,3.798579
TRUE,1630108799,27-08-2021,EUR,IMP,0.852477
TRUE,1630108799,27-08-2021,EUR,INR,86.706412
TRUE,1630108799,27-08-2021,EUR,IQD,1721.113319
TRUE,1630108799,27-08-2021,EUR,IRR,49772.82489
TRUE,1630108799,27-08-2021,EUR,ISK,149.413307
TRUE,1630108799,27-08-2021,EUR,JEP,0.852477
TRUE,1630108799,27-08-2021,EUR,JMD,179.25413
TRUE,1630108799,27-08-2021,EUR,JOD,0.836476
TRUE,1630108799,27-08-2021,EUR,JPY,129.566842
TRUE,1630108799,27-08-2021,EUR,KES,129.593835
TRUE,1630108799,27-08-2021,EUR,KGS,99.927647
TRUE,1630108799,27-08-2021,EUR,KHR,4810.654281
TRUE,1630108799,27-08-2021,EUR,KMF,494.30744
TRUE,1630108799,27-08-2021,EUR,KPW,1061.757535
TRUE,1630108799,27-08-2021,EUR,KRW,1371.236458
TRUE,1630108799,27-08-2021,EUR,KWD,0.354986
TRUE,1630108799,27-08-2021,EUR,KYD,0.983038
TRUE,1630108799,27-08-2021,EUR,KZT,504.480161
TRUE,1630108799,27-08-2021,EUR,LAK,11309.09551
TRUE,1630108799,27-08-2021,EUR,LBP,1783.592736
TRUE,1630108799,27-08-2021,EUR,LKR,235.341244
TRUE,1630108799,27-08-2021,EUR,LRD,202.737115
TRUE,1630108799,27-08-2021,EUR,LSL,17.602027
TRUE,1630108799,27-08-2021,EUR,LTL,3.483438
TRUE,1630108799,27-08-2021,EUR,LVL,0.713608
TRUE,1630108799,27-08-2021,EUR,LYD,5.340546
TRUE,1630108799,27-08-2021,EUR,MAD,10.587292
TRUE,1630108799,27-08-2021,EUR,MDL,20.838009
TRUE,1630108799,27-08-2021,EUR,MGA,4625.433106
TRUE,1630108799,27-08-2021,EUR,MKD,61.812288
TRUE,1630108799,27-08-2021,EUR,MMK,1941.71241
TRUE,1630108799,27-08-2021,EUR,MNT,3363.294671
TRUE,1630108799,27-08-2021,EUR,MOP,9.465612
TRUE,1630108799,27-08-2021,EUR,MRO,421.163541
TRUE,1630108799,27-08-2021,EUR,MUR,50.378903
TRUE,1630108799,27-08-2021,EUR,MVR,18.227281
TRUE,1630108799,27-08-2021,EUR,MWK,958.988828
TRUE,1630108799,27-08-2021,EUR,MXN,23.826956
TRUE,1630108799,27-08-2021,EUR,MYR,4.949015
TRUE,1630108799,27-08-2021,EUR,MZN,75.178364
TRUE,1630108799,27-08-2021,EUR,NAD,17.602022
TRUE,1630108799,27-08-2021,EUR,NGN,485.463446
TRUE,1630108799,27-08-2021,EUR,NIO,41.423211
TRUE,1630108799,27-08-2021,EUR,NOK,10.243588
TRUE,1630108799,27-08-2021,EUR,NPR,139.786159
TRUE,1630108799,27-08-2021,EUR,NZD,1.682785
TRUE,1630108799,27-08-2021,EUR,OMR,0.454208
TRUE,1630108799,27-08-2021,EUR,PAB,1.179665
TRUE,1630108799,27-08-2021,EUR,PEN,4.803632
TRUE,1630108799,27-08-2021,EUR,PGK,4.19509
TRUE,1630108799,27-08-2021,EUR,PHP,58.845393
TRUE,1630108799,27-08-2021,EUR,PKR,196.530571
TRUE,1630108799,27-08-2021,EUR,PLN,4.577241
TRUE,1630108799,27-08-2021,EUR,PYG,8180.911211
TRUE,1630108799,27-08-2021,EUR,QAR,4.295444
TRUE,1630108799,27-08-2021,EUR,RON,4.93635
TRUE,1630108799,27-08-2021,EUR,RSD,117.956485
TRUE,1630108799,27-08-2021,EUR,RUB,86.415372
TRUE,1630108799,27-08-2021,EUR,RWF,1190.088434
TRUE,1630108799,27-08-2021,EUR,SAR,4.424977
TRUE,1630108799,27-08-2021,EUR,SBD,9.506344
TRUE,1630108799,27-08-2021,EUR,SCR,15.976448
TRUE,1630108799,27-08-2021,EUR,SDG,523.21476
TRUE,1630108799,27-08-2021,EUR,SEK,10.198439
TRUE,1630108799,27-08-2021,EUR,SGD,1.587923
TRUE,1630108799,27-08-2021,EUR,SHP,1.624965
TRUE,1630108799,27-08-2021,EUR,SLL,12180.71651
TRUE,1630108799,27-08-2021,EUR,SOS,690.142668
TRUE,1630108799,27-08-2021,EUR,SRD,25.216151
TRUE,1630108799,27-08-2021,EUR,STD,24418.03687
TRUE,1630108799,27-08-2021,EUR,SVC,10.321945
TRUE,1630108799,27-08-2021,EUR,SYP,1483.598212
TRUE,1630108799,27-08-2021,EUR,SZL,17.603987
TRUE,1630108799,27-08-2021,EUR,THB,38.295822
TRUE,1630108799,27-08-2021,EUR,TJS,13.45986
TRUE,1630108799,27-08-2021,EUR,TMT,4.140854
TRUE,1630108799,27-08-2021,EUR,TND,3.290862
TRUE,1630108799,27-08-2021,EUR,TOP,2.674925
TRUE,1630108799,27-08-2021,EUR,TRY,9.855118
TRUE,1630108799,27-08-2021,EUR,TTD,8.007056
TRUE,1630108799,27-08-2021,EUR,TWD,32.901387
TRUE,1630108799,27-08-2021,EUR,TZS,2735.621361
TRUE,1630108799,27-08-2021,EUR,UAH,31.768998
TRUE,1630108799,27-08-2021,EUR,UGX,4168.905998
TRUE,1630108799,27-08-2021,EUR,USD,1.17973
TRUE,1630108799,27-08-2021,EUR,UYU,50.51824
TRUE,1630108799,27-08-2021,EUR,UZS,12552.40381
TRUE,1630108799,27-08-2021,EUR,VEF,2.52E+11
TRUE,1630108799,27-08-2021,EUR,VND,26886.05522
TRUE,1630108799,27-08-2021,EUR,VUV,130.816675
TRUE,1630108799,27-08-2021,EUR,WST,3.021011
TRUE,1630108799,27-08-2021,EUR,XAF,658.057337
TRUE,1630108799,27-08-2021,EUR,XAG,0.049113
TRUE,1630108799,27-08-2021,EUR,XAU,0.000649
TRUE,1630108799,27-08-2021,EUR,XCD,3.188281
TRUE,1630108799,27-08-2021,EUR,XDR,0.830049
TRUE,1630108799,27-08-2021,EUR,XOF,658.057337
TRUE,1630108799,27-08-2021,EUR,XPF,120.19136
TRUE,1630108799,27-08-2021,EUR,YER,295.935794
TRUE,1630108799,27-08-2021,EUR,ZAR,17.375529
TRUE,1630108799,27-08-2021,EUR,ZMK,10618.99328
TRUE,1630108799,27-08-2021,EUR,ZMW,18.844948
TRUE,1630108799,27-08-2021,EUR,ZWL,379.8727
TRUE,1630163584,28-08-2021,EUR,AED,4.332463
TRUE,1630163584,28-08-2021,EUR,AFN,101.587896
TRUE,1630163584,28-08-2021,EUR,ALL,122.310704
TRUE,1630163584,28-08-2021,EUR,AMD,582.351165
TRUE,1630163584,28-08-2021,EUR,ANG,2.117117
TRUE,1630163584,28-08-2021,EUR,AOA,749.008328
TRUE,1630163584,28-08-2021,EUR,ARS,114.985899
TRUE,1630163584,28-08-2021,EUR,AUD,1.613157
TRUE,1630163584,28-08-2021,EUR,AWG,2.123762
TRUE,1630163584,28-08-2021,EUR,AZN,2.009901
TRUE,1630163584,28-08-2021,EUR,BAM,1.961776
TRUE,1630163584,28-08-2021,EUR,BBD,2.381418
TRUE,1630163584,28-08-2021,EUR,BDT,100.667306
TRUE,1630163584,28-08-2021,EUR,BGN,1.956594
TRUE,1630163584,28-08-2021,EUR,BHD,0.444708
TRUE,1630163584,28-08-2021,EUR,BIF,2340.092435
TRUE,1630163584,28-08-2021,EUR,BMD,1.17954
TRUE,1630163584,28-08-2021,EUR,BND,1.59353
TRUE,1630163584,28-08-2021,EUR,BOB,8.144184
TRUE,1630163584,28-08-2021,EUR,BRL,6.139554
TRUE,1630163584,28-08-2021,EUR,BSD,1.179475
TRUE,1630163584,28-08-2021,EUR,BTC,2.43E-05
TRUE,1630163584,28-08-2021,EUR,BTN,87.351949
TRUE,1630163584,28-08-2021,EUR,BWP,13.207931
TRUE,1630163584,28-08-2021,EUR,BYR,23118.98383
TRUE,1630163584,28-08-2021,EUR,BYN,2.9694
TRUE,1630163584,28-08-2021,EUR,BZD,2.377406
TRUE,1630163584,28-08-2021,EUR,CAD,1.489034
TRUE,1630163584,28-08-2021,EUR,CDF,2355.54179
TRUE,1630163584,28-08-2021,EUR,CHF,1.075284
TRUE,1630163584,28-08-2021,EUR,CLF,0.03348
TRUE,1630163584,28-08-2021,EUR,CLP,923.820336
TRUE,1630163584,28-08-2021,EUR,CNY,7.633752
TRUE,1630163584,28-08-2021,EUR,COP,4516.470423
TRUE,1630163584,28-08-2021,EUR,CRC,733.212246
TRUE,1630163584,28-08-2021,EUR,CUC,1.17954
TRUE,1630163584,28-08-2021,EUR,CUP,31.25781
TRUE,1630163584,28-08-2021,EUR,CVE,110.600211
TRUE,1630163584,28-08-2021,EUR,CZK,25.507494
TRUE,1630163584,28-08-2021,EUR,DJF,209.628312
TRUE,1630163584,28-08-2021,EUR,DKK,7.435471
TRUE,1630163584,28-08-2021,EUR,DOP,67.205689
TRUE,1630163584,28-08-2021,EUR,DZD,159.796967
TRUE,1630163584,28-08-2021,EUR,EGP,18.518
TRUE,1630163584,28-08-2021,EUR,ERN,17.698777
TRUE,1630163584,28-08-2021,EUR,ETB,53.815606
TRUE,1630163584,28-08-2021,EUR,EUR,1
TRUE,1630163584,28-08-2021,EUR,FJD,2.4818
TRUE,1630163584,28-08-2021,EUR,FKP,0.852339
TRUE,1630163584,28-08-2021,EUR,GBP,0.856913
TRUE,1630163584,28-08-2021,EUR,GEL,3.680626
TRUE,1630163584,28-08-2021,EUR,GGP,0.852339
TRUE,1630163584,28-08-2021,EUR,GHS,7.123992
TRUE,1630163584,28-08-2021,EUR,GIP,0.852339
TRUE,1630163584,28-08-2021,EUR,GMD,60.369317
TRUE,1630163584,28-08-2021,EUR,GNF,11558.73262
TRUE,1630163584,28-08-2021,EUR,GTQ,9.129069
TRUE,1630163584,28-08-2021,EUR,GYD,246.667609
TRUE,1630163584,28-08-2021,EUR,HKD,9.185851
TRUE,1630163584,28-08-2021,EUR,HNL,28.076094
TRUE,1630163584,28-08-2021,EUR,HRK,7.489494
TRUE,1630163584,28-08-2021,EUR,HTG,115.587326
TRUE,1630163584,28-08-2021,EUR,HUF,349.185168
TRUE,1630163584,28-08-2021,EUR,IDR,16894.72823
TRUE,1630163584,28-08-2021,EUR,ILS,3.797966
TRUE,1630163584,28-08-2021,EUR,IMP,0.852339
TRUE,1630163584,28-08-2021,EUR,INR,86.69242
TRUE,1630163584,28-08-2021,EUR,IQD,1720.835569
TRUE,1630163584,28-08-2021,EUR,IRR,49764.79266
TRUE,1630163584,28-08-2021,EUR,ISK,149.389195
TRUE,1630163584,28-08-2021,EUR,JEP,0.852339
TRUE,1630163584,28-08-2021,EUR,JMD,179.225202
TRUE,1630163584,28-08-2021,EUR,JOD,0.836341
TRUE,1630163584,28-08-2021,EUR,JPY,129.545933
TRUE,1630163584,28-08-2021,EUR,KES,129.572922
TRUE,1630163584,28-08-2021,EUR,KGS,99.911521
TRUE,1630163584,28-08-2021,EUR,KHR,4809.877948
TRUE,1630163584,28-08-2021,EUR,KMF,494.22767
TRUE,1630163584,28-08-2021,EUR,KPW,1061.586191
TRUE,1630163584,28-08-2021,EUR,KRW,1371.015171
TRUE,1630163584,28-08-2021,EUR,KWD,0.354928
TRUE,1630163584,28-08-2021,EUR,KYD,0.982879
TRUE,1630163584,28-08-2021,EUR,KZT,504.39875
TRUE,1630163584,28-08-2021,EUR,LAK,11307.27048
TRUE,1630163584,28-08-2021,EUR,LBP,1783.304904
TRUE,1630163584,28-08-2021,EUR,LKR,235.303265
TRUE,1630163584,28-08-2021,EUR,LRD,202.704398
TRUE,1630163584,28-08-2021,EUR,LSL,17.599187
TRUE,1630163584,28-08-2021,EUR,LTL,3.482875
TRUE,1630163584,28-08-2021,EUR,LVL,0.713492
TRUE,1630163584,28-08-2021,EUR,LYD,5.339684
TRUE,1630163584,28-08-2021,EUR,MAD,10.585583
TRUE,1630163584,28-08-2021,EUR,MDL,20.834646
TRUE,1630163584,28-08-2021,EUR,MGA,4624.686664
TRUE,1630163584,28-08-2021,EUR,MKD,61.802313
TRUE,1630163584,28-08-2021,EUR,MMK,1941.399061
TRUE,1630163584,28-08-2021,EUR,MNT,3362.75191
TRUE,1630163584,28-08-2021,EUR,MOP,9.464084
TRUE,1630163584,28-08-2021,EUR,MRO,421.095574
TRUE,1630163584,28-08-2021,EUR,MUR,50.370773
TRUE,1630163584,28-08-2021,EUR,MVR,18.224339
TRUE,1630163584,28-08-2021,EUR,MWK,958.834068
TRUE,1630163584,28-08-2021,EUR,MXN,23.823111
TRUE,1630163584,28-08-2021,EUR,MYR,4.948216
TRUE,1630163584,28-08-2021,EUR,MZN,75.166232
TRUE,1630163584,28-08-2021,EUR,NAD,17.599182
TRUE,1630163584,28-08-2021,EUR,NGN,485.385103
TRUE,1630163584,28-08-2021,EUR,NIO,41.416527
TRUE,1630163584,28-08-2021,EUR,NOK,10.241934
TRUE,1630163584,28-08-2021,EUR,NPR,139.7636
TRUE,1630163584,28-08-2021,EUR,NZD,1.682513
TRUE,1630163584,28-08-2021,EUR,OMR,0.454134
TRUE,1630163584,28-08-2021,EUR,PAB,1.179475
TRUE,1630163584,28-08-2021,EUR,PEN,4.802857
TRUE,1630163584,28-08-2021,EUR,PGK,4.194413
TRUE,1630163584,28-08-2021,EUR,PHP,58.835897
TRUE,1630163584,28-08-2021,EUR,PKR,196.498856
TRUE,1630163584,28-08-2021,EUR,PLN,4.576502
TRUE,1630163584,28-08-2021,EUR,PYG,8179.590994
TRUE,1630163584,28-08-2021,EUR,QAR,4.29475
TRUE,1630163584,28-08-2021,EUR,RON,4.935554
TRUE,1630163584,28-08-2021,EUR,RSD,117.937449
TRUE,1630163584,28-08-2021,EUR,RUB,86.401427
TRUE,1630163584,28-08-2021,EUR,RWF,1189.89638
TRUE,1630163584,28-08-2021,EUR,SAR,4.424262
TRUE,1630163584,28-08-2021,EUR,SBD,9.50481
TRUE,1630163584,28-08-2021,EUR,SCR,15.973869
TRUE,1630163584,28-08-2021,EUR,SDG,523.130325
TRUE,1630163584,28-08-2021,EUR,SEK,10.196793
TRUE,1630163584,28-08-2021,EUR,SGD,1.587667
TRUE,1630163584,28-08-2021,EUR,SHP,1.624703
TRUE,1630163584,28-08-2021,EUR,SLL,12178.75081
TRUE,1630163584,28-08-2021,EUR,SOS,690.031294
TRUE,1630163584,28-08-2021,EUR,SRD,25.212082
TRUE,1630163584,28-08-2021,EUR,STD,24414.09634
TRUE,1630163584,28-08-2021,EUR,SVC,10.320279
TRUE,1630163584,28-08-2021,EUR,SYP,1483.358792
TRUE,1630163584,28-08-2021,EUR,SZL,17.601146
TRUE,1630163584,28-08-2021,EUR,THB,38.289642
TRUE,1630163584,28-08-2021,EUR,TJS,13.457688
TRUE,1630163584,28-08-2021,EUR,TMT,4.140185
TRUE,1630163584,28-08-2021,EUR,TND,3.290331
TRUE,1630163584,28-08-2021,EUR,TOP,2.674494
TRUE,1630163584,28-08-2021,EUR,TRY,9.853528
TRUE,1630163584,28-08-2021,EUR,TTD,8.005764
TRUE,1630163584,28-08-2021,EUR,TWD,32.896077
TRUE,1630163584,28-08-2021,EUR,TZS,2735.179892
TRUE,1630163584,28-08-2021,EUR,UAH,31.763871
TRUE,1630163584,28-08-2021,EUR,UGX,4168.233229
TRUE,1630163584,28-08-2021,EUR,USD,1.17954
TRUE,1630163584,28-08-2021,EUR,UYU,50.510088
TRUE,1630163584,28-08-2021,EUR,UZS,12550.37813
TRUE,1630163584,28-08-2021,EUR,VEF,2.52E+11
TRUE,1630163584,28-08-2021,EUR,VND,26881.71641
TRUE,1630163584,28-08-2021,EUR,VUV,130.795564
TRUE,1630163584,28-08-2021,EUR,WST,3.020524
TRUE,1630163584,28-08-2021,EUR,XAF,657.951142
TRUE,1630163584,28-08-2021,EUR,XAG,0.049106
TRUE,1630163584,28-08-2021,EUR,XAU,0.000649
TRUE,1630163584,28-08-2021,EUR,XCD,3.187766
TRUE,1630163584,28-08-2021,EUR,XDR,0.829915
TRUE,1630163584,28-08-2021,EUR,XOF,657.951142
TRUE,1630163584,28-08-2021,EUR,XPF,120.171964
TRUE,1630163584,28-08-2021,EUR,YER,295.888036
TRUE,1630163584,28-08-2021,EUR,ZAR,17.372725
TRUE,1630163584,28-08-2021,EUR,ZMK,10617.27961
TRUE,1630163584,28-08-2021,EUR,ZMW,18.841907
TRUE,1630163584,28-08-2021,EUR,ZWL,379.811397
TRUE,1630249384,29-08-2021,EUR,AED,4.332463
TRUE,1630249384,29-08-2021,EUR,AFN,101.587896
TRUE,1630249384,29-08-2021,EUR,ALL,122.310704
TRUE,1630249384,29-08-2021,EUR,AMD,582.351165
TRUE,1630249384,29-08-2021,EUR,ANG,2.117117
TRUE,1630249384,29-08-2021,EUR,AOA,749.008328
TRUE,1630249384,29-08-2021,EUR,ARS,114.985899
TRUE,1630249384,29-08-2021,EUR,AUD,1.613157
TRUE,1630249384,29-08-2021,EUR,AWG,2.123762
TRUE,1630249384,29-08-2021,EUR,AZN,2.009901
TRUE,1630249384,29-08-2021,EUR,BAM,1.961776
TRUE,1630249384,29-08-2021,EUR,BBD,2.381418
TRUE,1630249384,29-08-2021,EUR,BDT,100.667306
TRUE,1630249384,29-08-2021,EUR,BGN,1.956594
TRUE,1630249384,29-08-2021,EUR,BHD,0.444708
TRUE,1630249384,29-08-2021,EUR,BIF,2340.092435
TRUE,1630249384,29-08-2021,EUR,BMD,1.17954
TRUE,1630249384,29-08-2021,EUR,BND,1.59353
TRUE,1630249384,29-08-2021,EUR,BOB,8.144184
TRUE,1630249384,29-08-2021,EUR,BRL,6.139554
TRUE,1630249384,29-08-2021,EUR,BSD,1.179475
TRUE,1630249384,29-08-2021,EUR,BTC,2.44E-05
TRUE,1630249384,29-08-2021,EUR,BTN,87.351949
TRUE,1630249384,29-08-2021,EUR,BWP,13.207931
TRUE,1630249384,29-08-2021,EUR,BYR,23118.98383
TRUE,1630249384,29-08-2021,EUR,BYN,2.9694
TRUE,1630249384,29-08-2021,EUR,BZD,2.377406
TRUE,1630249384,29-08-2021,EUR,CAD,1.489034
TRUE,1630249384,29-08-2021,EUR,CDF,2355.54179
TRUE,1630249384,29-08-2021,EUR,CHF,1.074997
TRUE,1630249384,29-08-2021,EUR,CLF,0.03348
TRUE,1630249384,29-08-2021,EUR,CLP,923.820336
TRUE,1630249384,29-08-2021,EUR,CNY,7.633752
TRUE,1630249384,29-08-2021,EUR,COP,4516.470423
TRUE,1630249384,29-08-2021,EUR,CRC,733.212246
TRUE,1630249384,29-08-2021,EUR,CUC,1.17954
TRUE,1630249384,29-08-2021,EUR,CUP,31.25781
TRUE,1630249384,29-08-2021,EUR,CVE,110.600211
TRUE,1630249384,29-08-2021,EUR,CZK,25.507494
TRUE,1630249384,29-08-2021,EUR,DJF,209.628312
TRUE,1630249384,29-08-2021,EUR,DKK,7.435471
TRUE,1630249384,29-08-2021,EUR,DOP,67.205689
TRUE,1630249384,29-08-2021,EUR,DZD,159.796967
TRUE,1630249384,29-08-2021,EUR,EGP,18.518
TRUE,1630249384,29-08-2021,EUR,ERN,17.698777
TRUE,1630249384,29-08-2021,EUR,ETB,53.815606
TRUE,1630249384,29-08-2021,EUR,EUR,1
TRUE,1630249384,29-08-2021,EUR,FJD,2.4818
TRUE,1630249384,29-08-2021,EUR,FKP,0.852339
TRUE,1630249384,29-08-2021,EUR,GBP,0.856913
TRUE,1630249384,29-08-2021,EUR,GEL,3.680626
TRUE,1630249384,29-08-2021,EUR,GGP,0.852339
TRUE,1630249384,29-08-2021,EUR,GHS,7.123992
TRUE,1630249384,29-08-2021,EUR,GIP,0.852339
TRUE,1630249384,29-08-2021,EUR,GMD,60.369317
TRUE,1630249384,29-08-2021,EUR,GNF,11558.73262
TRUE,1630249384,29-08-2021,EUR,GTQ,9.129069
TRUE,1630249384,29-08-2021,EUR,GYD,246.667609
TRUE,1630249384,29-08-2021,EUR,HKD,9.185851
TRUE,1630249384,29-08-2021,EUR,HNL,28.076094
TRUE,1630249384,29-08-2021,EUR,HRK,7.489494
TRUE,1630249384,29-08-2021,EUR,HTG,115.587326
TRUE,1630249384,29-08-2021,EUR,HUF,349.185168
TRUE,1630249384,29-08-2021,EUR,IDR,16894.72823
TRUE,1630249384,29-08-2021,EUR,ILS,3.797966
TRUE,1630249384,29-08-2021,EUR,IMP,0.852339
TRUE,1630249384,29-08-2021,EUR,INR,86.69242
TRUE,1630249384,29-08-2021,EUR,IQD,1720.835569
TRUE,1630249384,29-08-2021,EUR,IRR,49764.79266
TRUE,1630249384,29-08-2021,EUR,ISK,149.389195
TRUE,1630249384,29-08-2021,EUR,JEP,0.852339
TRUE,1630249384,29-08-2021,EUR,JMD,179.225202
TRUE,1630249384,29-08-2021,EUR,JOD,0.836341
TRUE,1630249384,29-08-2021,EUR,JPY,129.545933
TRUE,1630249384,29-08-2021,EUR,KES,129.572922
TRUE,1630249384,29-08-2021,EUR,KGS,99.911521
TRUE,1630249384,29-08-2021,EUR,KHR,4809.877948
TRUE,1630249384,29-08-2021,EUR,KMF,494.22767
TRUE,1630249384,29-08-2021,EUR,KPW,1061.586191
TRUE,1630249384,29-08-2021,EUR,KRW,1371.015171
TRUE,1630249384,29-08-2021,EUR,KWD,0.354928
TRUE,1630249384,29-08-2021,EUR,KYD,0.982879
TRUE,1630249384,29-08-2021,EUR,KZT,504.39875
TRUE,1630249384,29-08-2021,EUR,LAK,11307.27048
TRUE,1630249384,29-08-2021,EUR,LBP,1783.304904
TRUE,1630249384,29-08-2021,EUR,LKR,235.303265
TRUE,1630249384,29-08-2021,EUR,LRD,202.704398
TRUE,1630249384,29-08-2021,EUR,LSL,17.599187
TRUE,1630249384,29-08-2021,EUR,LTL,3.482875
TRUE,1630249384,29-08-2021,EUR,LVL,0.713492
TRUE,1630249384,29-08-2021,EUR,LYD,5.339684
TRUE,1630249384,29-08-2021,EUR,MAD,10.585583
TRUE,1630249384,29-08-2021,EUR,MDL,20.834646
TRUE,1630249384,29-08-2021,EUR,MGA,4624.686664
TRUE,1630249384,29-08-2021,EUR,MKD,61.802313
TRUE,1630249384,29-08-2021,EUR,MMK,1941.399061
TRUE,1630249384,29-08-2021,EUR,MNT,3362.75191
TRUE,1630249384,29-08-2021,EUR,MOP,9.464084
TRUE,1630249384,29-08-2021,EUR,MRO,421.095574
TRUE,1630249384,29-08-2021,EUR,MUR,50.370773
TRUE,1630249384,29-08-2021,EUR,MVR,18.224339
TRUE,1630249384,29-08-2021,EUR,MWK,958.834068
TRUE,1630249384,29-08-2021,EUR,MXN,23.823111
TRUE,1630249384,29-08-2021,EUR,MYR,4.948216
TRUE,1630249384,29-08-2021,EUR,MZN,75.166232
TRUE,1630249384,29-08-2021,EUR,NAD,17.599182
TRUE,1630249384,29-08-2021,EUR,NGN,485.385103
TRUE,1630249384,29-08-2021,EUR,NIO,41.416527
TRUE,1630249384,29-08-2021,EUR,NOK,10.241934
TRUE,1630249384,29-08-2021,EUR,NPR,139.7636
TRUE,1630249384,29-08-2021,EUR,NZD,1.682513
TRUE,1630249384,29-08-2021,EUR,OMR,0.454134
TRUE,1630249384,29-08-2021,EUR,PAB,1.179475
TRUE,1630249384,29-08-2021,EUR,PEN,4.802857
TRUE,1630249384,29-08-2021,EUR,PGK,4.194413
TRUE,1630249384,29-08-2021,EUR,PHP,58.835897
TRUE,1630249384,29-08-2021,EUR,PKR,196.498856
TRUE,1630249384,29-08-2021,EUR,PLN,4.576502
TRUE,1630249384,29-08-2021,EUR,PYG,8179.590994
TRUE,1630249384,29-08-2021,EUR,QAR,4.29475
TRUE,1630249384,29-08-2021,EUR,RON,4.935554
TRUE,1630249384,29-08-2021,EUR,RSD,117.937449
TRUE,1630249384,29-08-2021,EUR,RUB,86.401427
TRUE,1630249384,29-08-2021,EUR,RWF,1189.89638
TRUE,1630249384,29-08-2021,EUR,SAR,4.424262
TRUE,1630249384,29-08-2021,EUR,SBD,9.50481
TRUE,1630249384,29-08-2021,EUR,SCR,15.973869
TRUE,1630249384,29-08-2021,EUR,SDG,523.130325
TRUE,1630249384,29-08-2021,EUR,SEK,10.196793
TRUE,1630249384,29-08-2021,EUR,SGD,1.587667
TRUE,1630249384,29-08-2021,EUR,SHP,1.624703
TRUE,1630249384,29-08-2021,EUR,SLL,12178.75081
TRUE,1630249384,29-08-2021,EUR,SOS,690.031294
TRUE,1630249384,29-08-2021,EUR,SRD,25.212082
TRUE,1630249384,29-08-2021,EUR,STD,24414.09634
TRUE,1630249384,29-08-2021,EUR,SVC,10.320279
TRUE,1630249384,29-08-2021,EUR,SYP,1483.358792
TRUE,1630249384,29-08-2021,EUR,SZL,17.601146
TRUE,1630249384,29-08-2021,EUR,THB,38.289642
TRUE,1630249384,29-08-2021,EUR,TJS,13.457688
TRUE,1630249384,29-08-2021,EUR,TMT,4.140185
TRUE,1630249384,29-08-2021,EUR,TND,3.290331
TRUE,1630249384,29-08-2021,EUR,TOP,2.674494
TRUE,1630249384,29-08-2021,EUR,TRY,9.853528
TRUE,1630249384,29-08-2021,EUR,TTD,8.005764
TRUE,1630249384,29-08-2021,EUR,TWD,32.896077
TRUE,1630249384,29-08-2021,EUR,TZS,2735.179892
TRUE,1630249384,29-08-2021,EUR,UAH,31.763871
TRUE,1630249384,29-08-2021,EUR,UGX,4168.233229
TRUE,1630249384,29-08-2021,EUR,USD,1.17954
TRUE,1630249384,29-08-2021,EUR,UYU,50.510088
TRUE,1630249384,29-08-2021,EUR,UZS,12550.37813
TRUE,1630249384,29-08-2021,EUR,VEF,2.52E+11
TRUE,1630249384,29-08-2021,EUR,VND,26881.71641
TRUE,1630249384,29-08-2021,EUR,VUV,130.795564
TRUE,1630249384,29-08-2021,EUR,WST,3.020524
TRUE,1630249384,29-08-2021,EUR,XAF,657.951142
TRUE,1630249384,29-08-2021,EUR,XAG,0.049106
TRUE,1630249384,29-08-2021,EUR,XAU,0.000649
TRUE,1630249384,29-08-2021,EUR,XCD,3.187766
TRUE,1630249384,29-08-2021,EUR,XDR,0.829915
TRUE,1630249384,29-08-2021,EUR,XOF,657.951142
TRUE,1630249384,29-08-2021,EUR,XPF,120.171964
TRUE,1630249384,29-08-2021,EUR,YER,295.888036
TRUE,1630249384,29-08-2021,EUR,ZAR,17.372725
TRUE,1630249384,29-08-2021,EUR,ZMK,10617.27961
TRUE,1630249384,29-08-2021,EUR,ZMW,18.841907
TRUE,1630249384,29-08-2021,EUR,ZWL,379.811397
